{"cameraMode":{"drawMode":0,"name":"Shaded","section":"Shading Mode"},"sceneLighting":false,"audioPlay":false,"sceneViewState":{"m_AlwaysRefresh":false,"showFog":false,"showSkybox":false,"showFlares":false,"showImageEffects":false,"showParticleSystems":false,"showVisualEffectGraphs":true,"m_FxEnabled":true},"in2DMode":false,"pivot":{"x":-0.0027039051055908205,"y":0.7673540115356445,"z":0.07278132438659668},"rotation":{"x":0.001823138678446412,"y":0.9890967011451721,"z":-0.14676634967327119,"w":0.012165029533207417},"size":1.4146969318389893,"orthographic":false}