{"cameraMode":{"drawMode":0,"name":"Shaded","section":"Shading Mode"},"sceneLighting":true,"audioPlay":false,"sceneViewState":{"m_AlwaysRefresh":false,"showFog":true,"showSkybox":true,"showFlares":true,"showImageEffects":true,"showParticleSystems":true,"showVisualEffectGraphs":true,"m_FxEnabled":true},"in2DMode":false,"pivot":{"x":-108.59197235107422,"y":-50.943538665771487,"z":56.748512268066409},"rotation":{"x":0.13642536103725434,"y":-0.7575258612632752,"z":0.16759054362773896,"w":0.6160551309585571},"size":81.83712005615235,"orthographic":false}